"Keyword","AllInTitle Results Count","Competition Status","Search Volume Indication"
"university math prep bootcamp","3","Ultra Low Competition (Goldmine)","High (>100 searches/mo suggested by Autocomplete)"
"premium calculus study materials","1","Ultra Low Competition (Goldmine)","High (>100 searches/mo suggested by Autocomplete)"
"best online calculus course with certificate","4","Ultra Low Competition (Goldmine)","High (>100 searches/mo suggested by Autocomplete)"
"actuarial exam prep courses","5","Ultra Low Competition (Goldmine)","High (>100 searches/mo suggested by Autocomplete)"
"gmat quant prep course","6","Very Low Competition (Less than 1 page)","High (>100 searches/mo suggested by Autocomplete)"
"gre quantitative practice test pdf","8","Very Low Competition (Less than 1 page)","High (>100 searches/mo suggested by Autocomplete)"
"discrete mathematics cheat sheet","12","Low Competition (3-5 pages)","High (>100 searches/mo suggested by Autocomplete)"
"linear algebra exam prep","15","Low Competition (3-5 pages)","High (>100 searches/mo suggested by Autocomplete)"
"differential equations study guide","18","Low Competition (3-5 pages)","High (>100 searches/mo suggested by Autocomplete)"
"math textbook solutions guide","22","Low Competition (3-5 pages)","High (>100 searches/mo suggested by Autocomplete)"
